Vendor,Category,SubCategory,Contract,City,State,Phone,Email,URL,Small_Business
AMERICAN SANITARY PRODUCTS INC,Industrial Products and Services,Cleaning Supplies,47QSMS24D003R,PHOENIX,AZ,4107292033,mary@americansanitaryproducts.us,http://www.americansanitaryproducts.us,s
APC EQUIPMENT & MANUFACTURING INC,Transportation and Logistics Services,Motor Vehicles (non-Combat),GS-30F-0015U,TUCSON,AZ,520-975-7464,kris@apcequipment.com,http://WWW.APCEQUIPMENT.COM,s
ARIZONA INDUSTRIES FOR THE BLIND,Industrial Products and Services,Hardware and Tools,47QSWA20D002R,PHOENIX,AZ,6232337878,lmann@azifb.com,http://www.azifb.com,
BABCO INTERNATIONAL INC,Industrial Products and Services,Industrial Products,47QSWA18D001H,TUCSON,AZ,(520)628-7596,betsy@babcotucson.com,HTTP://WWW.BABCOTUCSON.COM,s
"BRISTON CONSTRUCTION, LLC",Facilities,Facilities Services,47QSHA20D0011,MESA,AZ,480-776-5810,bcarr@briston.us,http://www.bristonconstruction.com,s
"CATALINA CHINA, INC",Industrial Products and Services,Industrial Products,47QSWA20D003J,TUCSON,AZ,5209031010,suzy@hfcoors.com,http://www.hfcoors.com,s
CONTINENTAL FLOORING CO,Industrial Products and Services,Industrial Products,GS-03F-001BA,SCOTTSDALE,AZ,(800) 825-1221,krensmeyer@continentalflooring.com,https://www.continentalflooring.com,s
"GILL GROUP, INC.",Industrial Products and Services,Industrial Products,GS-07F-049DA,PHOENIX,AZ,623-889-6864,joanna.wigington@trimarkusa.com,https://www.TriMarkusa.com,
K & R HOLDINGS INC,Industrial Products and Services,Fire/Rescue/Safety/Environmental Protection Equipment,47QSMS24D00A9,CHANDLER,AZ,480-236-2682,wayne@luminousegress.com,http://www.luminousegress.com,s
"KOWALSKI CONSTRUCTION, INC.",Professional Services,Environmental Services,47QRAA23D00A5,PHOENIX,AZ,602-944-2645,jrk@kowalski.com,http://www.kowalski.com,s
LEE COLLINS AIR CONDITIONING COMPANY,Industrial Products and Services,Industrial Products,47QSMS24D008X,PHOENIX,AZ,602-663-4201,cyndi@leecollinsac.com,http://www.leecollinsac.com,s
MAINTENANCE SOLUTIONS INC,Industrial Products and Services,Cleaning Supplies,GS-07F-0401U,SCOTTSDALE,AZ,(480) 607-9593,ken@maintsol.com,http://www.maintsol.com,s
MICROBIALOGIC LLC,Industrial Products and Services,Cleaning Supplies,47QSWA19D007L,MESA,AZ,480-962-3714,bill@microbialogic.com,http://www.microbialogic.com,s
ML CLICK MARKETING LLC,Industrial Products and Services,Industrial Products,GS-07F-042BA,PHOENIX,AZ,602-315-4713,aaron@trueuniform.com,http://www.trueuniform.com/,s
OIL SPONGE LLC,Industrial Products and Services,Cleaning Supplies,47QSMS25D008S,CHANDLER,AZ,(480) 503-2847,beau@oilsponge.com,http://www.OilSponge.com,s
R & R LOTION INC,Industrial Products and Services,Industrial Products,47QSMS24D0078,SCOTTSDALE,AZ,4804439255,Courtney@rrlotion.com,http://www.rrlotion.com,s
"RANDON-TECH MANUFACTURING, INC.",Security and Protection,Protective Equipment,47QSMS24D005N,PHOENIX,AZ,480-998-2335,wayne@randontech.com,http://randontech.com/,s
"SITE MANUFACTURING, LLC",Industrial Products and Services,Industrial Products,47QSMS25D007R,PHOENIX,AZ,(310) 409-7143,chad@sitesolar.com,http://www.sitesolar.us/,s
"SOILWORKS, LLC",Industrial Products and Services,Industrial Products,47QSMS24D001Q,SCOTTSDALE,AZ,800-545-5420,chad@soilworks.com,http://www.soilworks.com,s
SPORTAFLEX LLC,Industrial Products and Services,Fire/Rescue/Safety/Environmental Protection Equipment,GS-03F-067GA,MESA,AZ,4804602647,tgoodin@sportaflex.com,http://www.sportaflex.com,s
"TAYLOR DISTRIBUTOR'S, INC.",Industrial Products and Services,Packaging,GS-02F-0123V,TUCSON,AZ,520-884-5402,taydist@aol.com,http://www.taylortucson.com,s
"TRU FORCE PEST CONTROL, LLC",Industrial Products and Services,Industrial Products,47QSMS24D00B4,MESA,AZ,4806289466,NICK@TFPEST.COM,https://www.tfpest.com,s
"WIDEFIELD TECHNOLOGY, INC",Industrial Products and Services,Industrial Products,GS-07F-023CA,PINETOP,AZ,4809932204,rich@wti1.net,http://www.wti1.net,s
ASA ENVIRONMENTAL PRODUCTS INC,Industrial Products and Services,Cleaning Supplies,GS-07F-9521S,STONINGTON,CT,860-535-3931,jeff@ASA-environmental.com,http://www.asa-environmental.com,s
"BAGELA USA, LLC",Industrial Products and Services,Industrial Products,GS-30F-001BA,SHELTON,CT,2039440525,lscott@bagelausa.com,http://www.bagelausa.com,s
CONNECTICUT CONTAINER CORP.,Industrial Products and Services,Packaging,47QSMS24D0080,NORTH HAVEN,CT,631-367-3158,customerservice@govtpackaging.com,http://www.unicorr.com,s
"DESIGN SPECIALTIES, INC",Industrial Products and Services,Industrial Products,GS-07F-096GA,NORTH HAVEN,CT,2032883587,design@duralux4you.com,http://www.designspecialties.org,s
"GLOBE EQUIPMENT COMPANY INC, THE",Industrial Products and Services,Industrial Products,GS-07F-0352W,BRIDGEPORT,CT,203-220-2415,billiejo@globeequipment.com,http://www.globeequipment.com,s
"H. BARBER & SONS, INC.",Industrial Products and Services,Industrial Products,GS-30F-0038V,NAUGATUCK,CT,203-729-9000,jpb@hbarber.com,http://www.hbarber.com,s
LED LIGHTING SOLUTIONS LLC,Industrial Products and Services,Industrial Products,GS-07F-025BA,BERLIN,CT,8607706023,TOM@LLSLIGHT.COM,http://www.LLSLIGHT.COM,s
LIDO DESIGNS INC.,Industrial Products and Services,Hardware and Tools,47QSHA22D000Z,BROOKFIELD,CT,203-941-5116,kevin@lidodesigns.com,www.buyrailings.com,s
"MES SERVICE COMPANY, LLC",Industrial Products and Services,Fire/Rescue/Safety/Environmental Protection Equipment,GS-07F-0348V,SANDY HOOK,CT,757-567-4792,kchapman@mesfire.com,http://www.mesfire.com/,s
UPC LLC,Industrial Products and Services,Hardware and Tools,47QSMS24D004A,MERIDEN,CT,8602145745,pmader@upc2.com,http://www.maagkit.com,s
"VERDEK, LLC",Industrial Products and Services,Industrial Products,GS-07F-172BA,MADISON,CT,203-421-6477,gmannino@verdek.com,http://www.verdek.com,s
"ADVANCED NETWORK CONSULTING, INC.",Industrial Products and Services,Industrial Products,47QTCA21D009P,WASHINGTON,DC,202-434-8766,htrinh@ancsweb.com,http://www.ancsweb.com,s
"I.S. ENTERPRISES, INC.",Industrial Products and Services,Hardware and Tools,GS-21F-0010T,WASHINGTON,DC,202 388 6799,customerservice@isenterprises.net,http://www.isenterprises.net,s
JENKS INC,Industrial Products and Services,Hardware and Tools,47QSHA22D001Q,WASHINGTON,DC,202-529-6020,Mike@wsjenks.com,http://www.wsjenks.com,s
PATRIOT MRO SOLUTIONS L.L.C.,Industrial Products and Services,Hardware and Tools,47QSMS25D0068,WASHINGTON,DC,571-520-5899,rudy.burwell@patriot-mro.com,https://patriot-mro.com/,s
WILSON DEPENDABLE SERVICES LLC,Industrial Products and Services,Cleaning Supplies,47QSWA22D005J,WASHINGTON,DC,202-519-3593,support@wdslifesci.com,http://www.wdslifesci.com,s
BATTA ENVIRONMENTAL ASSOCIATES INC,Industrial Products and Services,Industrial Products,GS-10F-0004T,NEWARK,DE,3027373376,neeraj@battaenv.com,http://battaenv.com,s
INDEPENDENT METAL STRAP CO INC,Industrial Products and Services,Packaging,47QSEA19D008E,DOVER,DE,5166210030,amariano@indmetalstrap.com,http://www.indmetalstrap.com,s
SYNTEC CORPORATION,Industrial Products and Services,Industrial Products,47QSMS25D0070,NEW CASTLE,DE,3024218393,THERESA@SYNTEC.COM,http://www.syntec.com,s
YELLOWFIN ROOFING LLC,Facilities,Structures,47QSMS25D00BH,HOCKESSIN,DE,302-433-6655,Dan@Yellowfinco.com,https://www.gsaelibrary.gsa.gov/ElibMain/contractorInfo.do?contractNumber=47QSMS,s
"AABACO ENVIRONMENTAL INDUSTRIES, LLC",Industrial Products and Services,Cleaning Supplies,47QSHA22D000R,JUPITER,FL,561-988-3282,dhannon@aabaco.com,http://www.aabaco.com,s
"ACCUAIR, INC.",Industrial Products and Services,Industrial Products,GS-07F-0487Y,ORLANDO,FL,3213772615,greg@accuaironline.com,http://www.accuaironline.com,s
"ADSYNC TECHNOLOGIES, INC.",Industrial Products and Services,Industrial Products,GS-21F-111BA,PENSACOLA,FL,850-497-6969,aadkinson@adsync.com,http://www.adsync.com,s
"AIR BURNERS, INC.",Industrial Products and Services,Industrial Products,47QMCA20D004T,PALM CITY,FL,772-220-7303,nfuhrmann@airburners.com,http://WWW.AIRBURNERS.COM,s
AQUALOGIX LLC,Industrial Products and Services,Industrial Products,47QSWA23D007G,PALM BEACH GARDENS,FL,858-442-4550,mrichardson@aqualogix.com,http://www.aqualogix.com,s
"AUTOMOTIVE ARMOR MANUFACTURING, INC.",Security and Protection,Protective Equipment,GS-07F-062DA,PALMETTO,FL,941-721-3335,jeff@auto-armor.com,http://www.auto-armor.com,s
"AVIAN ENTERPRISES, LLC",Industrial Products and Services,Industrial Products,47QSMS26D001P,JUPITER,FL,(888) 877 - 4355,steve@aviancontrol.com,https://aviancontrol.com,s
BERELI INC,Industrial Products and Services,Packaging,47QSWA21D0089,HOLLYWOOD,FL,786-452-2222,jordan@bereli.com,http://www.bereli.com,s
BIG TOP MANUFACTURING LLC,Facilities,Structures,GS-07F-073GA,PERRY,FL,850-584-7786,b.jarvis@bigtopshelters.com,http://bigtopshelters.com/,s
BIZOLUTIONS CONSULTING LLC,Industrial Products and Services,Cleaning Supplies,47QSMA23D08N7,THE VILLAGES,FL,239-896-2847,mvp@bizolutionsconsult.com,http://www.bizolutionsconsult.com,s
BLUE POINT USA LLC,Industrial Products and Services,Hardware and Tools,47QSMS24D00CE,ORLANDO,FL,917-995-7711,contact@bluepointsupplies.com,http://www.bluepointstores.com,s
CALDWELL CLEANING LLC,Industrial Products and Services,Cleaning Supplies,GS-07F-0570X,BRADENTON,FL,9413232932,rkcaldwell8@gmail.com,http://tinyurl.com/5ea5tauc,s
CARBONTEC WORLDWIDE LLC,Industrial Products and Services,Industrial Products,47QSWA23D003X,HALLANDALE,FL,6464084635,stan@carbontec.world,https://carbontec.world/,s
"CHAVES BROTHERS MANAGEMENT, LLC",Industrial Products and Services,Machinery and Components,47QMCA26D0002,BOCA RATON,FL,9732249955,sales@govprocurement.net,https://www.govprocurement.net,s
"CLEAN EARTH SYSTEMS, INC.",Industrial Products and Services,Packaging,47QSEA24D0005,TAMPA,FL,813-930-6831,stephp@cleanearthsystems.com,http://www.cleanearthsystems.com,s
"CONSTRUCTION SALES AND SERVICE, INC",Industrial Products and Services,Machinery and Components,GS-30F-0006Y,CRESTVIEW,FL,850-683-9186,allen.lane@csstractors.com,http://www.csstractors.com,s
DIAMONDBACK MANUFACTURING LLC,Transportation and Logistics Services,Motor Vehicles (non-Combat),GS-07F-090GA,COCOA,FL,(321) 633-5624,carlie@diamondbackairboats.com,http://www.diamondbackairboats.com,s
"DIVERSE SUPPLY, INC",Industrial Products and Services,Industrial Products,47QSWA22D006L,WEST PALM BEACH,FL,888-902-6430,sales@diversesupply.net,http://www.platformsandladders.com/,s
DOWNEAST LOGISTICS LLC,Industrial Products and Services,Cleaning Supplies,GS-35F-431GA,PORT CHARLOTTE,FL,2077300472,sherry@downeastlogistics.com,http://www.downeastlog.com,s
"ENSYNC DIVERSIFIED MANAGEMENT SERVICES, INC.",Industrial Products and Services,Industrial Products,47QSHA20D000B,LONGWOOD,FL,407-936-1515,c_mcmillon@ensyncdms.com,http://www.ensyncdms.com,s
EOLA POWER LLC,Industrial Products and Services,Industrial Products,47QSMS25D00B4,DORAL,FL,800-399-7414,alex@eolapower.com,http://www.eolapower.com/,s
"EVERY TOOL, INC",Industrial Products and Services,Hardware and Tools,47QSHA22D000P,BOCA RATON,FL,561-444-9876,gsa@every-tool.com,http://www.avenjers.com,s
"EXIT 10, INC.",Industrial Products and Services,Hardware and Tools,47QSMS25D0064,LONGWOOD,FL,4075742433,sales@southord.com,http://www.southord.com,s
FEDERAL CONTRACTS LLC,Industrial Products and Services,Cleaning Supplies,GS-03F-113DA,TAMPA,FL,813-631-0000,sales@federalcontractscorp.com,http://www.federalcontractscorp.com,s
"FLOODPROOFING.COM, INC.",Security and Protection,Protective Equipment,47QSWA24D000W,JUNO BEACH,FL,800-507-0865,rfisher@floodproofing.com,http://www.floodproofing.com,s
"GATORLAND KUBOTA EQUIPMENT COMPANY, INC.",Industrial Products and Services,Hardware and Tools,GS-21F-111AA,GAINESVILLE,FL,352-376-4506,GSA@gatorlandkubota.com,http://www.gatorlandkubota.com,s
"GEO-MED, LLC",Industrial Products and Services,Cleaning Supplies,47QSWA18D001U,LAKE MARY,FL,877-865-0400,ileana.delcastillo@geomedsdvo.com,http://www.geomedsdvo.com,s
"GLOBE TRAILER MANUFACTURING, INC",Transportation and Logistics Services,Motor Vehicles (non-Combat),47QMCA25D0015,BRADENTON,FL,941-753-2199,brian@globetrailers.com,https://www.globetrailers.com/,s
GULFSHORE MANUFACTURING INC,Transportation and Logistics Services,Motor Vehicles (non-Combat),47QSMS25D001K,INGLIS,FL,3524471330,dante@youngboats.com,http://www.youngboats.com,s
HERC RENTALS INC,Industrial Products and Services,Hardware and Tools,47QMCB19D000G,BONITA SPRINGS,FL,2393011344,richard.shugg@hercrentals.com,http://www.hercrentals.com,
"HERNON MANUFACTURING, INC.",Industrial Products and Services,Industrial Products,GS-21F-0168Y,SANFORD,FL,407-322-4000,karenarnon@hernon.com,http://www.hernon.com,s
"HYPER SPEAR, LLC",Industrial Products and Services,Industrial Products,47QRAA23D0084,WESTON,FL,(954)612-3496,sergio.bastiani@hyperspear.com,www.hyperspear.com,s
"INDUSTRIAL SHADEPORTS, INC.",Furniture & Furnishings,Fitness Solutions,47QSMS24D0023,FORT LAUDERDALE,FL,954-755-0661,gsa@shadeports.com,http://www.shadeports.com,s
"INTERNATIONAL ENERGY SAVERS OF CENTRAL FLORIDA, INC.",Industrial Products and Services,Industrial Products,47QSWA22D0023,OCALA,FL,3522450833,info@ieswindowfilms.com,http://IESWINDOWFILMS.COM,s
"JAN-SAN SUPPLY, INC.",Industrial Products and Services,Packaging,GS-02F-035GA,TAMPA,FL,813-626-3219,dan@jansansupply.biz,http://www.jansansupply.biz,s
JEMNI INC,Industrial Products and Services,Packaging,GS-02F-040GA,NAPLES,FL,612-644-4277,brandon@jemniinc.com,http://www.jemniinc.com,s
JETECHNOLOGY SOLUTIONS INC,Industrial Products and Services,Industrial Products,GS-07F-121DA,APOPKA,FL,4076731512,ALITTLE@JETECHNOLOGYSOLUTIONS.COM,http://www.jetechnologysolutions.com/.com,s
JMATT CONSTRUCTION SERVICES LLC,Professional Services,Technical and Engineering Services (non-IT),GS-21F-003GA,ORLANDO,FL,321-948-3623,sgraham@greenpathes.com,http://greenpathenergysolutions.com,s
"KINGLINE EQUIPMENT, INC.",Industrial Products and Services,Machinery and Components,47QMCA20D000X,CANTONMENT,FL,(850)937-9693,todd@kinglineequipment.com,http://www.kinglineequipment.com,s
"LAINE INDUSTRIES, INC",Industrial Products and Services,Hardware and Tools,47QSHA22D000J,LAKE CITY,FL,904-910-0139,govsales@laineindustries.com,http://www.laineindustries.com,s
LITE CART CORP,Industrial Products and Services,Industrial Products,GS-07F-0372X,LARGO,FL,727-584-7364,litecartcorp@gmail.com,http://www.litecart.com,s
LOVELL GOVERNMENT SERVICES INC.,Industrial Products and Services,Cleaning Supplies,47QSWA23D004Y,PENSACOLA,FL,850-684-1867,customerservice@lovellgov.com,http://www.lovellgov.com,s
"M.E. GLOBAL SUPPLIES, INC",Industrial Products and Services,Industrial Products,47QTCA23D0092,MIAMI,FL,786-546-7216,edgar.alz@meglobalsupplies.com,http://www.meglobalsupplies.com,s
M3 SUPPLIES & SERVICES LLC,Industrial Products and Services,Hardware and Tools,47QSMS24D006B,BRANDON,FL,813-444-4830,sales@m3ssllc.com,https://www.m3ssllc.com/,s
MAINSTREAM ENGINEERING CORP,Industrial Products and Services,Industrial Products,47QSWA22D0099,ROCKLEDGE,FL,3216313550,contracting@mainstream-engr.com,https://mainstream-engr.com/,s
"MAXA BEAM SEARCHLIGHTS, INC.",Industrial Products and Services,Industrial Products,GS-07F-066DA,JUPITER,FL,561-743-8180,francie@maxavision.net,http://www.maxavision.net,s
"MCLAREN INDUSTRIES, INC",Industrial Products and Services,Machinery and Components,GS-30F-031BA,JACKSONVILLE,FL,310-212-1333,gov@mclarenusa.com,http://www.mclarenindustries.com,s
MCNZ CORP,Industrial Products and Services,Cleaning Supplies,47QSWA23D009U,FORT MYERS,FL,2398988204,mccancem@earthlink.net,http://www.mcnzcorp.com,s
"MEDFARE, LLC",Industrial Products and Services,Industrial Products,GS-07F-278BA,BOCA RATON,FL,561-998-9444,amyl@medfare.com,http://www.medfare.com,s
"MIAMI CORDAGE, LLC.",Industrial Products and Services,Hardware and Tools,GS-07F-280BA,MIAMI,FL,3056363000,fran@miamicordage.com,http://www.miamicordage.com,s
"MILLENIUM PRODUCTS, INC",Industrial Products and Services,Industrial Products,GS-07F-0031W,SAINT PETERSBURG,FL,888-901-7430,gsa@milleniumproducts.net,http://www.milleniumproducts.net,s
MORNING STAR INDUSTRIES INC,Industrial Products and Services,Industrial Products,47QSWA20D002D,JENSEN BEACH,FL,800-440-6050,steve@morningstarusa.com,http://www.morningstarusa.com,s
NATIVE INSTINCT LLC,Industrial Products and Services,Machinery and Components,47QSWA19D00AP,BOYNTON BEACH,FL,904-438-2858,jeff@gsacontracts.us,http://www.nativeinstinct.co,s
OSC SOLUTIONS INC,Industrial Products and Services,Hardware and Tools,47QSHA18D0023,WEST PALM BEACH,FL,561-683-4090,service@oscmro.com,http://www.oscmro.com,s
PAN AMERICAN TOOL CORP,Industrial Products and Services,Hardware and Tools,47QSMS24D003M,FORT LAUDERDALE,FL,954-735-8665,curtis.finn@panamericantool.com,http://www.panamericantool.com,s
PEAK SOLUTIONS CORP,Industrial Products and Services,Cleaning Supplies,47QSWA22D006K,PALM HARBOR,FL,919-391-5993,peaksolutionswj@gmail.com,https://gopeak.net,s
PELICAN SALES INC,Industrial Products and Services,Hardware and Tools,GS-21F-0033V,MELBOURNE,FL,321-254-9569,gsa@pelican-sales.com,http://www.pelican-sales.com,s
"PIERCE SALES COMPANY, INC.",Industrial Products and Services,Industrial Products,GS-07F-020BA,ORLANDO,FL,407-679-9004,gsa@rewonline.com,http://www.rewonline.com,s
POWER KLEEN CORP,Industrial Products and Services,Industrial Products,47QSWA22D0069,OLDSMAR,FL,(813)854-2648,jlsanders@powerkleen.com,http://www.powerkleen.com,s
"PREMIER PALLETS, INC.",Industrial Products and Services,Industrial Products,47QSMS25D000L,RIVERVIEW,FL,813-986-4889,scott@premier-pallets.com,http://www.premier-pallets.com,s
PREMIER WATER & ENERGY TECHNOLOGY INC,Industrial Products and Services,Industrial Products,GS-07F-0222Y,JACKSONVILLE,FL,904-268-1152,mchrist@premierwater.com,http://www.premierwater.com,s
"PRISM CONSULTING SERVICES, INC.",Industrial Products and Services,Industrial Products,GS-07F-9609S,JACKSONVILLE,FL,904.880.9900,mkothari@prismlighting.net,http://www.prismlighting.net,s
"RELDA, LLC",Industrial Products and Services,Industrial Products,GS-07F-0402W,TAMPA,FL,813-218-5200,RMONEY@DERMATEC.NET,http://DERMATEC.NET,s
ROBOTICS FABRICATION INC.,Professional Services,Environmental Services,47QRAA23D000L,PANAMA CITY,FL,704-649-7707,michaelw@roboticsfabrication.com,http://www.roboticsfabrication.com,s
S&Y TRADING CORP OF NEW JERSEY,Industrial Products and Services,Cleaning Supplies,47QSWA22D0070,BOCA RATON,FL,(561) 395-4333,sales@sandytrading.com,http://www.sandytrading.com,s
"SANIGLAZE INTERNATIONAL, LLC",Industrial Products and Services,Cleaning Supplies,47QSMS24D004N,JACKSONVILLE,FL,800-874-5554,michele.y@saniglaze.com,http://www.saniglaze.com,s
SANTA FE POWER SOLUTIONS INC,Industrial Products and Services,Industrial Products,47QSWA22D004E,BRANFORD,FL,813-842-3502,barb@santafepower.net,http://www.santafepower.net,s
"SCAFFOLDS USA, INC.",Industrial Products and Services,Industrial Products,47QSMS24D000D,MOUNT DORA,FL,(352)577-9640,peter@scaffoldusa.com,www.scaffoldusa.com,s
"SHERWOOD AVIONICS AND ACCESSORIES, INC.",Industrial Products and Services,Machinery and Components,47QSMS24D0053,OPA LOCKA,FL,(305)794-5959,arelis@sherwoodaviation.com,http://www.sherwoodaviation.com/,s
"SHORT AND SIMPLE SUPPLIES, INC.",Industrial Products and Services,Cleaning Supplies,47QSMS24D008U,TAMPA,FL,813-972-4142,Carlee@shortandsimplesupplies.com,https://www.shortandsimplesupplies.com/,s
SOUTH DADE AIR CONDITIONING & REFRIGERATION INC,Industrial Products and Services,Industrial Products,47QSHA18D001B,HOMESTEAD,FL,850-341-8548,PATTI@SDAC8A.COM,http://www.sdac8a.com,s
"SPOTLESS WATER SYSTEMS, LLC",Industrial Products and Services,Cleaning Supplies,47QSMS25D0097,PUNTA GORDA,FL,8585309993,todd@crspotless.com,http://crspotless.com,s
SPS INDUSTRIAL INC,Industrial Products and Services,Hardware and Tools,47QSMS24D005B,STUART,FL,321251-8156,GSASales@spsindustrial.com,http://www.spsindustrial.com,s
"SRI GROUP, LLC",Industrial Products and Services,Industrial Products,GS-35F-250GA,NEWBERRY,FL,202-351-9495,jwh@srigrpllc.com,http://www.srigrpllc.com/,s
STERILE SERVICES CO,Industrial Products and Services,Cleaning Supplies,47QSEA19D0002,MIAMI,FL,800-977-7974,carter@ssc1.com,http://www.mysterileservices.com,s
SUPPLIES NOW INC,Industrial Products and Services,Hardware and Tools,47QSEA23D0044,GREENACRES,FL,888-750-5223,jcheatham@suppliesnow.com,http://www.suppliesnowgsa.com/,s
TAPESOUTH INC,Industrial Products and Services,Industrial Products,GS-07F-0480T,GAINESVILLE,FL,904-642-1800,missy@tapesouth.com,http://www.tapesouth.com,s
"TL SERVICES, INC.",Industrial Products and Services,Cleaning Supplies,GS-21F-0185W,RIVERVIEW,FL,813-641-2730,julia.pringle@tlservices.com,http://www.tlservices.com,s
VENERGY GROUP LLC,Industrial Products and Services,Hardware and Tools,GS-21F-054BA,FORT PIERCE,FL,561-906-6026,gsa@venergygroup.com,https://venergygroup.com/,s
"VERATICS, INC.",Industrial Products and Services,Hardware and Tools,GS-35F-301GA,MELBOURNE BEACH,FL,321-432-2320,info@veratics.com,www.veratics.com,s
"WALKER MILLER EQUIPMENT COMPANY, INC.",Industrial Products and Services,Industrial Products,GS-07F-245AA,ORLANDO,FL,407-299-2620,connie@walkermiller.com,http://www.walkermiller.com,s
AMERICAN PEST MANAGEMENT INC,Industrial Products and Services,Industrial Products,47QSHA19D0047,FULTON,MD,301-891-2600,dwade@americanpest.net,http://www.americanpest.net,
"AMERICAN VETERANS GROUP, LLC",Industrial Products and Services,Packaging,GS-07F-0515X,RIVA,MD,800-412-9994,am.vet@hotmail.com,http://americanveteransgroup.com,s
"AUTOMATED BUSINESS POWER, INC.",Industrial Products and Services,Industrial Products,47QSWA20D008R,GAITHERSBURG,MD,301-977-5570,daniel@abp.com,http://www.abp.com,s
BEST PLUMBING SPECIALTIES INC,Industrial Products and Services,Industrial Products,47QSMS24D008R,MYERSVILLE,MD,800-448-6710,MMAHER@BESTPLUMBINGONLINE.COM,https://www.bestplumbingspecialties.com/,s
BETTER ENGINEERING MANUFACTURING INC,Industrial Products and Services,Industrial Products,GS-07F-0369Y,JOPPA,MD,4109310000,chris.sikorski@betterengineering.com,http://www.betterengineering.com,s
"BLUE STEEL PARTNERS, LLC",Information Technology,IT Services,47QRAA26D000U,CALVERTON,MD,(301)383-8112,lthawkins@steelpoint-llc.com,,s
"BLUESTEEL CYBERSECURITY, LLC",Information Technology,IT Services,47QTCA23D000B,GLENWOOD,MD,3015314254,ali@bluesteelcyber.com,http://www.bluesteelcyber.com,s
CAPITAL LIGHTING & SUPPLY LLC,Industrial Products and Services,Industrial Products,47QSWA22D0006,UPPER MARLBORO,MD,301-988-0417,kim.palmer@capitalelectricsupply.com,http://capitalelectricsupply.com,
CENTRAL TRUCK CENTER INC,Industrial Products and Services,Industrial Products,GS-30F-0045V,DUNDALK,MD,(800) 492-0709,Mtolentino@allroadstrucks.com,https://www.allroadstrucks.com/,s
"CHOICECOMM, LLC",Industrial Products and Services,Industrial Products,47QTCA25D00BW,MOUNT AIRY,MD,301-831-0063,office@choicecomm.com,http://www.choicecomm.com,s
CREATIVE SIGN SERVICE INC,Industrial Products and Services,Fire/Rescue/Safety/Environmental Protection Equipment,47QSMA20D08NH,BELTSVILLE,MD,301-345-3700,CREATIVE@CREATIVESIGNAGE.COM,http://WWW.CREATIVESIGNAGE.COM,s
"DIVERSIFIED SERVICES GROUP, INC.",Industrial Products and Services,Industrial Products,GS-21F-0184X,GERMANTOWN,MD,301-322-6100,gbrome@dsginconline.com,http://www.diversifiedservicesgroupinc.com,s
"FASTENERS RX, INC",Industrial Products and Services,Hardware and Tools,GS-21F-0102U,CHESTER,MD,4102538052,aubrey@fastenersrxinc.com,http://www.fastenersrxinc.com,s
"FEDERAL RESOURCES SUPPLY COMPANY, LLC",Industrial Products and Services,Machinery and Components,47QSMS26D002W,STEVENSVILLE,MD,(410)630-8502,mgood@Noble.com,https://www.noble.com/,s
FIRST EQUIPMENT INC,Industrial Products and Services,Cleaning Supplies,GS-07F-0461W,LANDOVER,MD,301-773-4340,dsegal@1stequipment.com,http://www.1stequipment.com,s
"GAITHERSBURG FARMERS SUPPLY, INC.",Industrial Products and Services,Hardware and Tools,47QSMA20D08NA,GAITHERSBURG,MD,(301)670-9300,rich@rippeonequipment.com,http://www.rippeonequipment.com,s
"GARRETT CONTAINER SYSTEMS, INC.",Industrial Products and Services,Packaging,GS-02F-109BA,ACCIDENT,MD,301-746-8970,sales@garrettcontainer.com,http://www.garrettcontainer.com or https://www.gcswarrior.com,s
INTERNATIONAL CHEMSTAR INCORPORATED,Industrial Products and Services,Industrial Products,47QSWA21D006P,MIDDLE RIVER,MD,410-391-7516,jwood@chemstarwater.com,http://www.chemstarwater.com,s
"J'S ASSOCIATES, LLC",Industrial Products and Services,Industrial Products,47QSHA19D003J,DUNKIRK,MD,3013275164,contracts@jsassociatesllc.com,http://www.jsassociatesllc.com,s
"K2 CONSTRUCTION CONSULTANTS, INC",Information Technology,IT Services,47QTCA23D0012,BETHESDA,MD,703-304-4418,BNeiswender@k2consulting.com,http://www.k2consulting.com,s
LG CONSTRUCTION INC,Facilities,Facilities Maintenance and Repair,47QSHA21D002H,PERRYVILLE,MD,4109371259,lgcimike@gmail.com,http://www.lgci-md.com,s
"MACIA CONSTRUCTION, INCORPORATED",Facilities,Facilities Maintenance and Repair,47QSHA19D0027,ACCOKEEK,MD,301-283-0633,rm@maciaconstruction.com,http://www.maciaconstruction.com,s
"MARYLAND INDUSTRIAL TRUCKS, INCORPORATED",Industrial Products and Services,Industrial Products,47QMCA18D000E,LINTHICUM HEIGHTS,MD,443-386-5590,trockstroh@mdindustrialtrucks.com,http://www.mdindustrialtrucks.com,s
ORKIN LLC,Industrial Products and Services,Industrial Products,47QSHA20D0004,HALETHORPE,MD,4432778072,jhauf@regionalpestmgt.com,http://www.regionalpestmanagement.com,s
PARTSMASTER INC,Industrial Products and Services,Machinery and Components,47QMCA24D000Q,BALTIMORE,MD,4436040233,hsmithiii@partsmasterusa.com,http://www.partsmasterusa.com,s
"PIRAEUS INTERNATIONAL, INC",Industrial Products and Services,Industrial Products,47QSMA23D08NR,BALTIMORE,MD,410-675-4696,abouloubassis@piraeusintl.com,http://www.piraeusintl.com,s
RC QUARTERMASTER LLC,Industrial Products and Services,Industrial Products,47QSMS24D00CF,SILVER SPRING,MD,1-301-219-6069,charles@rcquartermaster.com,https://rcquartermaster.com,s
SAFEWARE INC,Industrial Products and Services,Cleaning Supplies,47QSMS24D000B,LANHAM,MD,301-683-1234,hwarwick@safewareinc.com,http://www.safewareinc.com,s
"SHEPHERD ELECTRIC COMPANY, LLC",Industrial Products and Services,Hardware and Tools,47QSMS25D004T,ROSEDALE,MD,8002531777,shepherd-gsa@shepherdelec.com,http://www.shepherdelec.com,
SONCO WORLDWIDE INC,Industrial Products and Services,Fire/Rescue/Safety/Environmental Protection Equipment,47QSMS24D0019,CAPITOL HEIGHTS,MD,240-728-5754,ahession@sonco.com,http://www.sonco.com,s
"STEEL POINT SOLUTIONS, LLC",Information Technology,Cloud Services,GS-35F-329DA,CALVERTON,MD,3013838112,lthawkins@steelpoint-llc.com,https://www.steelpoint-llc.com,s
"STEEL SECURITY, CORP.",Security and Protection,Security Services,47QSWA23D009B,COLUMBIA,MD,301-991-6622,nathan@steelsecuritycorp.com,http://www.steelsecuritycorp.com,s
STEELTOAD CONSULTING LLC,Information Technology,IT Services,47QTCA20D00BS,BALTIMORE,MD,18333338623,JULIE@STEELTOAD.COM,http://www.steeltoad.com,s
TATCO SERVICES INC.,Industrial Products and Services,Industrial Products,GS-21F-165AA,LA PLATA,MD,888-926-0005,daves2274@aol.com,http://www.tatcoservices.com,s
THE BALTIMORE AUTO SUPPLY COMPANY,Industrial Products and Services,Hardware and Tools,47QSHA23D000J,HALETHORPE,MD,4109161718,sherryberlin@baltimoreauto.net,http://www.baltimoreauto.net,s
"THE SCALE PEOPLE, INC.",Industrial Products and Services,Test and Measurement Supplies,GS-07F-179DA,COLUMBIA,MD,(410) 309-5880,marlena@scalepeople.com,http://www.scalepeople.com,s
"TILT UP CONSTRUCTION, INC.",Facilities,Facilities Maintenance and Repair,47QSHA23D001E,WEST RIVER,MD,4107870350,DPHILLIPS@TILTUPINC.COM,http://WWW.TILTUPINC.COM,s
VETERAN INFRASTRUCTURE LLC,Industrial Products and Services,Industrial Products,47QSMS25D0080,PIKESVILLE,MD,443-800-2350,Support@veteraninfrastructure.com,http://www.veteraninfrastructure.com,s
"WILLETT CONSTRUCTION SERVICES, INC.",Industrial Products and Services,Industrial Products,47QSWA23D005X,WHITE PLAINS,MD,(301)645-9638,ckwillett@willettcsinc.com,http://www.willettcs.com,s
ZNET TECH LLC,Industrial Products and Services,Industrial Products,47QTCA18D003S,BETHESDA,MD,949-412-0561,SNEWTON@DCCICONSULTING.COM,http://WWW.ZNETTECH.COM,s
"ACTION TERMITE & PEST CONTROL, INC.",Industrial Products and Services,Industrial Products,47QSHA19D0007,TOMS RIVER,NJ,800-920-0906,michael@actionpestcontrol.com,http://www.actionpestcontrol.com/,s
ALL HANDS FIRE EQUIPMENT LLC,Industrial Products and Services,Fire/Rescue/Safety/Environmental Protection Equipment,47QSWA20D00AR,NEPTUNE,NJ,732-599-9706,scott@allhandsfire.com,http://www.allhandsfire.com,s
AMERICAN DIVING SUPPLY LLC,Industrial Products and Services,Hardware and Tools,47QSMA23D08QU,EGG HARBOR TOWNSHIP,NJ,609-646-5090,gsa@americandivingsupply.com,http://www.americandivingsupply.com,s
ANCHORTEX CORP,Industrial Products and Services,Fire/Rescue/Safety/Environmental Protection Equipment,47QSWA22D0018,WEST BERLIN,NJ,8567685240,abender@anchortex.com,http://www.anchortex.com,s
"AP&G CO., INC.",Industrial Products and Services,Industrial Products,47QSMS26D002A,BAYONNE,NJ,(347)525-8493,gsa@catchmasterpro.com,https://catchmasterpro.com/,s
B2B SUPPLIES USA LLC,Industrial Products and Services,Cleaning Supplies,47QREA23D001J,PLAINSBORO,NJ,6097993800,government@printingsuppliesusa.com,http://www.printingsuppliesusa.com,s
BLUE STAR OF NJ INC.,Industrial Products and Services,Cleaning Supplies,GS-07F-199BA,WOODBURY,NJ,856-848-4236,noel@bluestarnj.com,http://www.bluestarnj.com,s
CASES BY SOURCE INC,Industrial Products and Services,Packaging,47QSMS24D00AW,MAHWAH,NJ,201-831-0005,gsasales@casesbysource.com,http://www.casesbysource.com,s
CHEMSPA INDUSTRIES INC,Industrial Products and Services,Industrial Products,GS-07F-0195W,EAST HANOVER,NJ,9733861158,stevenm@spapartners.com,http://www.spapartners.com,s
CLAYTON ASSOCIATES INC,Industrial Products and Services,Industrial Products,GS-07F-228BA,LAKEWOOD,NJ,7323632100,sales@jclayton.com,http://www.jclayton.com,s
"DIAMOND CHEMICAL CO., LLC",Industrial Products and Services,Cleaning Supplies,47QSWA18D0068,EAST RUTHERFORD,NJ,201-935-4300,orders@diamondchem.com,http://www.diamondchem.com,s
"DODGE CONSTRUCTION NETWORK, LLC",Professional Services,Marketing and Public Relations,47QRAA21D0099,HAMILTON,NJ,413-471-9517,carolyn.aliaga@construction.com,http://www.construction.com,
FORDION PACKAGING LTD.,Industrial Products and Services,Packaging,47QREA23D0007,WYCKOFF,NJ,(201) 692-1344,bmcmanus@fordion.com,http://www.fordion.com,s
GARON PRODUCTS INC,Industrial Products and Services,Industrial Products,47QSMS26D0004,SEA GIRT,NJ,732-722-1920,jdcrowley@garonproducts.com,https://www.garonproducts.com,s
"GOODEARTH DISTRIBUTION, LLC",Industrial Products and Services,Cleaning Supplies,47QSMS24D00BV,FORT LEE,NJ,2012594318,steven.shorr@goodearthproducts.com,http://www.GoodEarthProducts.com,s
GRANT ENGINEERING & CONSTRUCTION GROUP LLC,Professional Services,Technical and Engineering Services (non-IT),47QRAA23D0001,NEWARK,NJ,(973)358-5020,bgrant@grantecg.com,HTTPS://WWW.GRANTECG.COM,s
HILLTOP PRO SERVICES LLC,Industrial Products and Services,Industrial Products,47QSMS24D00C5,MIDLAND PARK,NJ,2019832597,ea@hilltopproservices.com,http://hilltopproservices.com,s
INDIAS HERITAGE INC,Industrial Products and Services,Industrial Products,47QSMS24D008C,SECAUCUS,NJ,646-387-3580,dipti@indiasheritage.net,http://www.indiasheritage.net,s
JFK SUPPLIES INC,Industrial Products and Services,Packaging,GS-02F-0156Y,EDISON,NJ,(732)985-7800,fred@jfksuppliesinc.com,http://www.jfksuppliesinc.com,s
"KRYDON GROUP, INC.",Industrial Products and Services,Industrial Products,47QSWA20D009H,CHERRY HILL,NJ,(877) 854-1342,gsaorders@krydon.com,http://www.krydon.com,s
MERCURY FLOOR MACHINES INC,Industrial Products and Services,Cleaning Supplies,GS-07F-140CA,ENGLEWOOD,NJ,714-901-8400,garry@us-group.com,http://www.mercuryfloormachines.com,s
MULTIFORCE SYSTEMS CORP,Industrial Products and Services,Fuel Management,GS-07F-0311V,PRINCETON,NJ,609-683-4242,joek@fuelforce.com,http://www.fuelforce.com,s
NETA SCIENTIFIC INC,Industrial Products and Services,Test and Measurement Supplies,47QSMS24D000Y,MARLTON,NJ,(800) 343-6015,compliance@netascientific.com,https://www.netascientific.com,s
NM CAPITAL LLC,Industrial Products and Services,Packaging,47QSMS25D0036,EDISON,NJ,(732)887-6462,NMCapitalllc@gmail.com,https://nmcapitalllc.com,s
PENN TOOL CO INC,Industrial Products and Services,Hardware and Tools,GS-06F-0042S,MAPLEWOOD,NJ,8005264956,brandon@penntoolco.com,https://www.penntoolco.com/,s
PLASTIC EXPRESS INC.,Industrial Products and Services,Hardware and Tools,47QSMS25D007S,UNION,NJ,718-499-1119,cs@plex247.com,http://www.plex247.com,s
"PREMIER & COMPANIES, INC.",Industrial Products and Services,Industrial Products,47QSEA20D0043,SECAUCUS,NJ,866-412-2472,government@premierandco.com,https://www.premierandcompanies.com,s
RAM ENGINEERING SOLUTIONS CORP,Industrial Products and Services,Industrial Products,GS-07F-0590X,PARAMUS,NJ,201-703-5020,sales@ram-engineering.com,http://www.ram-engineering.com,s
"RJM SALES, INC.",Industrial Products and Services,Industrial Products,47QSMS25D00BN,SOMERSET,NJ,610-892-2901,peteb@rjmsales.com,https://rjmsales.com/,s
SELECT SAFETY SALES LLC,Industrial Products and Services,Cleaning Supplies,GS-07F-0395V,CLARK,NJ,(973) 650-1512,mkane@selectsafetysales.com,http://www.selectsafetysales.com,s
STAR LINEN INC,Industrial Products and Services,Industrial Products,47QSWA22D003M,MOORESTOWN,NJ,800-782-7999,cbryant@starlinen.com,http://ww.starlinen.com,s
"TECHNOLOGY DYNAMICS, INC.",Industrial Products and Services,Industrial Products,GS-07F-0190T,BERGENFIELD,NJ,2013850500,rubain@novaelectric.com,http://www.novaelectric.com,s
"THEG, INC",Industrial Products and Services,Cleaning Supplies,47QSWA21D0083,TEANECK,NJ,(201) 384-1434,david.cho@fineandclear.com,http://www.fineandclear.com/,s
TIGERPAK INC,Industrial Products and Services,Packaging,GS-02F-0206W,MOONACHIE,NJ,201-438-3515,pharencak@lpsind.com,http://www.tigerpak.com,s
TRAFFIC SAFETY SERVICE LLC,Industrial Products and Services,Fire/Rescue/Safety/Environmental Protection Equipment,47QSWA23D002V,SOUTH PLAINFIELD,NJ,9085614800,mp@trafficsafetyservice.com,http://www.trafficsafetyservice.com,s
"TRI-LIFT NJ, INC.",Industrial Products and Services,Machinery and Components,47QMCA23D0008,NORTH BRUNSWICK,NJ,7322200444,gsa@tri-liftnj.com,http://tri-liftnj.com,s
TURTLE & HUGHES INC,Industrial Products and Services,Industrial Products,47QSWA22D0072,CLARK,NJ,(732) 574-3600,gsaorders@turtle.com,http://www.turtle.com,
W & S SUPPLY CO INC,Industrial Products and Services,Hardware and Tools,GS-21F-014DA,ELMWOOD PARK,NJ,201-773-9451,steve@wssupplyco.com,http://www.elizabethindustrial.com,s
WURTH U.S.A. INC,Industrial Products and Services,Hardware and Tools,GS-06F-0052S,RAMSEY,NJ,201-825-2710,samantha.martino@wurthusa.com,http://www.wurthusa.com,
"XYLEM DEWATERING SOLUTIONS, INC",Industrial Products and Services,Industrial Products,47QSMS24D00C6,BRIDGEPORT,NJ,412-670-3247,michael.ivory@xylem.com,http://www.xylem.com,
BOTACH INC.,Industrial Products and Services,Industrial Products,47QSHA19D003Y,LAS VEGAS,NV,1 786 282-8680,chushim@botach.com,http://www.botach.com,s
JS PRODUCTS INC,Industrial Products and Services,Hardware and Tools,47QSMS25D0016,LAS VEGAS,NV,702-315-1491,ismercina@jsproducts.com,http://www.jsproducts.com,s
MANUFACTURING AUTOMATION & SOFTWARE SYSTEMS INC,Information Technology,IT Software,GS-35F-0145Y,LAS VEGAS,NV,8187091269,kalvarez@massgroup.com,http://www.massgroup.com,s
NATIVE AMERICAN TRANSFORMER SERVICES INC,Industrial Products and Services,Industrial Products,GS-07F-477AA,RENO,NV,8006287564,gsasales@nativetransformer.com,http://www.nativetransformer.com,s
NEW WAVE CLEANING SOLUTIONS LLC,Industrial Products and Services,Cleaning Supplies,47QSWA23D0056,LAS VEGAS,NV,334-819-5400,admin@new-wave-clean.com,http://www.new-wave-clean.com,s
RPM TECHNOLOGY LLC,Industrial Products and Services,Industrial Products,47QSWA22D004R,RENO,NV,(973)610-8813,jim@rpm-technology.com,http://www.rpm-technology.com,s
RUST BULLET LLC,Industrial Products and Services,Industrial Products,47QSWA21D0044,RENO,NV,775-829-5606,admin@rustbullet.com,http://WWW.RUSTBULLET.COM,s
"SNAP-LOC CARGO CONTROL SYSTEMS, LLC",Industrial Products and Services,Packaging,47QSMS26D002Q,LAS VEGAS,NV,(937)360-1267,jenny@gsalogic.net,http://www.snaploc.com,s
A-LINE ACCESSORIES INC.,Industrial Products and Services,Hardware and Tools,47QSHA18D000L,CHESTER,NY,845-782-8000,eugene@alineaccessories.com,http://WWW.ALINEACCESSORIES.COM,s
ACCUSPEC PACKAGING CORP,Industrial Products and Services,Packaging,GS-02F-027DA,DUNDEE,NY,607-292-3010,russell.smith@accuspecpackaging.com,http://www.accuspecpackaging.com/,s
"ACME SUPPLY CO., LTD.",Industrial Products and Services,Industrial Products,47QSWA18D006P,GLEN COVE,NY,800-567-8025,BN@ACMESUPPLY.US,http://www.acmesupply.us,s
"ALDEN EQUIPMENT, INC.",Industrial Products and Services,Industrial Products,47QSWA20D0044,AMSTERDAM,NY,518-842-6704,aldenandris@gmail.com,http://www.aldenequipment.com,s
"ALLEYMOR, INC.",Industrial Products and Services,Industrial Products,47QSWA22D007J,KINGSTON,NY,845-340-9700,pestmasterny@aol.com,http://hudsonvalley.pestmaster.com/,s
"AMERICAN PACKAGING I, INC.",Industrial Products and Services,Industrial Products,47QSEA20D003D,AUBURN,NY,315-253-4809,turbo1407@aol.com,http://WWW.GSAADVANTAGE.GOV,s
ATLANTIC ULTRAVIOLET CORPORATION,Industrial Products and Services,Cleaning Supplies,47QSMS25D000K,HAUPPAUGE,NY,631-273-0500 X122,ckopp@atlanticuv.com,http://atlanticultraviolet.com,s
B & T CONSTRUCTION LOGISTICS INC,Industrial Products and Services,Hardware and Tools,47QSMS24D007P,POUGHKEEPSIE,NY,917-364-7864,tim.polmateer@btconlog.com,http://www.btconstructionlogistics.com/,s
"BIG SHINE WORLDWIDE, INC.",Industrial Products and Services,Industrial Products,GS-07F-125GA,NEWBURGH,NY,845-444-5255,merealess@bigshineenergy.com,http://www.bigshineled.com,s
BLINK SUPPLIES INC,Industrial Products and Services,Cleaning Supplies,47QSEA23D0037,BROOKLYN,NY,347-844-9050,gitty@blinksupplies.com,https://www.blinksupplies.com,s
CARNEGIE FABRICS LLC,Industrial Products and Services,Industrial Products,47QSWA21D0022,ROCKVILLE CENTRE,NY,828-320-1176,rteague@carnegiefabrics.com,http://carnegiefabrics.com/,s
CREATIVE REWARDS INC,Industrial Products and Services,Packaging,GS-03F-063DA,BROOKLYN,NY,718-437-2367,sales@creativerewards.com,http://www.creativerewards.com,s
CREST GOOD MANUFACTURING CO INC,Industrial Products and Services,Industrial Products,GS-07F-9652S,SYOSSET,NY,516-921-7260,Philg@crestgood.com,http://crestgood.com,s
CULINARY DEPOT INC.,Industrial Products and Services,Industrial Products,GS-07F-0211V,SPRING VALLEY,NY,845-414-2230,elip@culinarydepot.biz,http://www.culinarydepotinc.com,s
EDEN GENERAL CONSTRUCTION NY INC.,Information Technology,IT Hardware,47QTCA23D00BJ,BRONX,NY,914-979-2797,info@edengroupusa.com,https://www.edengroupusa.com,s
F C I TECH INC.,Industrial Products and Services,Hardware and Tools,GS-02F-0008V,BROOKLYN,NY,888-219-0753,govsales@fcitech.com,http://www.fcitech.com,s
FLOW-RIGHT PLUMBING & HEATING CORP.,Industrial Products and Services,Industrial Products,47QSMS25D003E,STATEN ISLAND,NY,7185241020,rich@flowrightcorp.com,http://www.flowrightcorp.com,s
"H. L. DALIS, INC.",Industrial Products and Services,Industrial Products,47QSMS25D007G,ASTORIA,NY,(718)361-1100,hldalis@aol.com,http://www.hldalis.com,s
INDUSTRIAL STRENGTH INDUSTRIES LLC,Security and Protection,Protective Equipment,47QSHA19D0053,OYSTER BAY,NY,516-413-2251,ara@industrialstrengthsupply.com,http://www.industrialstrengthsupply.com,s
"ITIN SCALE CO., INC.",Industrial Products and Services,Test and Measurement Supplies,GS-07F-9655S,BROOKLYN,NY,718-336-5900,steve@itinscales.com,http://www.itinscales.com,s
"KELLY & HAYES ELECTRICAL SUPPLY OF L.I., INC.",Industrial Products and Services,Industrial Products,47QSWA23D009V,NESCONSET,NY,6314673939,gsa@kellyhayes.com,http://www.kellyhayes.com,s
"LODGING KIT COMPANY, INC",Industrial Products and Services,Industrial Products,47QSWA20D0068,BOONVILLE,NY,800-328-8439,jandrews@lodgingkit.com,http://www.lodgingkit.com,s
"MAPLE AMHERST ASSOCIATES, INC.",Industrial Products and Services,Hardware and Tools,47QSHA18D001E,BUFFALO,NY,7166884488,HECTORS876@YAHOO.COM,http://HECTORSHARDWARE.BIZ,s
"METALCRAFT MARINE US, INC.",Transportation and Logistics Services,Motor Vehicles (non-Combat),47QSWA20D000E,WATERTOWN,NY,800-410-8464,bob@metalcraftmarine.com,http://www.metalcraftmarine.com,s
MOHAWK LIFTS LLC,Industrial Products and Services,Machinery and Components,GS-07F-207AA,AMSTERDAM,NY,518-842-1431,sperlstein@mohawklifts.com,http://www.mohawklifts.com/gov,s
"MSC INDUSTRIAL DIRECT CO., INC.",Industrial Products and Services,Hardware and Tools,47QSHA18D002C,MELVILLE,NY,800-970-1173,GovTeam@mscdirect.com,https://www.mscdirect.com,
NATIONAL COMPRESSOR EXCHANGE INC,Industrial Products and Services,Industrial Products,47QSMS24D005C,MASPETH,NY,(718)417-9100,jrs@nationalcompressor.com,www.nationalcompressor.com,s
PONDEROSA PACKAGING CORP.,Industrial Products and Services,Packaging,47QSMS25D009G,MELVILLE,NY,917-686-6489,Lara@ponderosapack.com,ponderosapack.com,s
"POWERHOUSE INDUSTRIES, INC.",Industrial Products and Services,Industrial Products,47QSWA19D002N,EASTPORT,NY,6313255555,bill@jiffyjump.com,http://www.val6heat.com,s
PRISTINE HD LLC,Industrial Products and Services,Cleaning Supplies,47QSWA23D001E,FAR ROCKAWAY,NY,516-383-3268,jacob.pereg@pristinehd.com,http://www.pristinehd.com,s
"PROGRESSIVE HARDWARE CO., INC.",Industrial Products and Services,Industrial Products,47QSWA19D0068,EAST NORTHPORT,NY,(631) 757-8866,bill@progressive-hardware.com,https://www.progressive-hardware.com,s
"S&B COMPUTER & OFFICE PRODUCTS, INC.",Industrial Products and Services,Hardware and Tools,47QSEA20D0079,ROUND LAKE,NY,1 800254-8089,os4@sbcomputers-office.com,http://www.sbcomputers-office.com,s
"SHERRILL MANUFACTURING, INC.",Facilities,Food Service Equipment,GS-07F-0485V,SHERRILL,NY,1-315-280-0727,matt.roberts@sherrillmfg.com,http://www.sherrillmfg.com,s
"STAR POLY BAG, INC.",Industrial Products and Services,Packaging,47QSEA20D009G,BROOKLYN,NY,718-384-3130,chaya@starpoly.com,http://www.starpoly.com,s
"STERILIZ, LLC",Industrial Products and Services,Industrial Products,GS-07F-193BA,PENFIELD,NY,5854696188,steve@steriliz.us,http://www.rduvc.com,s
"SUPPLY KING USA, LLC",Industrial Products and Services,Industrial Products,47QSHA22D0022,NANUET,NY,917-268-9222,sales@supplykingusa.com,http://www.supplykingusa.com,s
TERA CONSULTING INC.,Industrial Products and Services,Cleaning Supplies,47QTCA18D00C3,LEVITTOWN,NY,718-813-7755,kbajwa@teraconsultinginc.com,http://www.teraconsultinginc.com,s
THE RUHOF CORPORATION,Industrial Products and Services,Cleaning Supplies,GS-07F-0054X,MINEOLA,NY,800-537-8463,dmackay@ruhof.com,https://www.ruhof.com/,s
VISIONTRON CORP,Industrial Products and Services,Fire/Rescue/Safety/Environmental Protection Equipment,47QSMA19D08QC,HOLTSVILLE,NY,631-582-8600,donnag@visiontron.com,http://www.visiontron.com,s
"WHOLESALE IN MOTION GROUP, INC",Industrial Products and Services,Industrial Products,47QSMS25D0012,BROOKLYN,NY,3472475231,govop@wholesalesockdeals.com,http://www.wholesalesockdeals.com,s
A RIFKIN CO,Industrial Products and Services,Packaging,47QSEA18D001Q,HANOVER TOWNSHIP,PA,570 825 9551,jleffler@arifkin.com,http://www.arifkin.com,s
"ADVANCED MANUFACTURING TECHNOLOGY VENTURES, LLC",Professional Services,Business Administrative Services,47QRAA18D0017,ERIE,PA,412-680-5041,bmccracken@amtvllc.com,http://firstlinkanalytics.com,s
"ALLFACILITIES, INC.",Industrial Products and Services,Industrial Products,47QSMS24D005Q,JAMESTOWN,PA,(724)454-6445,dianne@allfacilities.com,http://www.allfacilities.com,s
"AMERIGAS PROPANE, L.P.",Industrial Products and Services,Industrial Products,GS-07F-001GA,KING OF PRUSSIA,PA,484-949-5854,JANE.HENISE@AMERIGAS.COM,http://www.amerigas.com,
"ASHLAND INDUSTRIAL SERVICES, LLC",Facilities,Facilities Maintenance and Repair,47QSHA18D002K,NEW FREEDOM,PA,877-347-8801,sclasing@aisco.org,http://www.aisco.org,s
ATD AMERICAN CO,Industrial Products and Services,Industrial Products,47QSMS25D000S,WYNCOTE,PA,215-576-1000,gcoughlan@atd-american.com,http://WWW.ATD-AMERICAN.COM,s
BLACK RHINO RECYCLING INC,Industrial Products and Services,Industrial Products,GS-07F-0333X,CLAIRTON,PA,800-974-4669,KEITH@BLACKRHINOPRODUCTS.COM,http://WWW.BLACKRHINOPRODUCTS.COM,s
CAPP LLC,Industrial Products and Services,Hardware and Tools,GS-21F-0116X,CLIFTON HEIGHTS,PA,800-356-8000,hello@cappusa.com,https://cappusa.com,
DERSTINES INC,Industrial Products and Services,Cleaning Supplies,47QSWA23D004R,SELLERSVILLE,PA,267-354-2699,csheerin@derstines.com,http://www.derstines.com/,s
DIGITAL PLAZA LLC,Industrial Products and Services,Industrial Products,GS-03F-011DA,AMBLER,PA,2157155680,scott@digitalplazadirect.com,http://www.DIGITALPLAZADIRECT.COM,s
FED CREW INC,Industrial Products and Services,Packaging,47QSMS24D004M,COLLEGEVILLE,PA,4842148321,oliver.shah@fedcrew.com,https://fedcrew.com,s
FISHER SCIENTIFIC COMPANY L.L.C.,Industrial Products and Services,Test and Measurement Supplies,GS-07F-161BA,PITTSBURGH,PA,1-800-766-7000,GSA.Orders@thermofisher.com,http://WWW.FISHERSCI.COM,
FSR CONSULTING LLC,Industrial Products and Services,Packaging,47QTCA21D008L,LANSDALE,PA,484 214 6541,frank@cirrussystemsus.com,http://cirrussystemsus.com/,s
"G. R. NOTO ELECTRICAL CONSTRUCTION, INC.",Facilities,Facilities Maintenance and Repair,47QSMS25D0054,SOUTH ABINGTON TOWN,PA,570-586-1600,renee.h@grnotoelectric.com,http://grnotoelectric.com,s
"G2 LABORATORIES, LLC",Industrial Products and Services,Industrial Products,47QSMS26D000R,GLADWYNE,PA,6109525299,eric@g2labs.com,http://www.g2labs.com,s
GREEN CHEM LABORATORIES LLC,Industrial Products and Services,Industrial Products,47QSWA23D004B,PHILADELPHIA,PA,800-964-3151,GABBY@GREENCHEMLABS.COM,http://www.greenchemlabs.com,s
HARDWARE AND SUPPLY COMPANY OF CHESTER,Industrial Products and Services,Hardware and Tools,47QSMS24D004Z,CHESTER,PA,610-876-6166,support@hschester.com,http://www.hschester.com,s
HOMELAND INDUSTRIAL SUPPLY INC,Industrial Products and Services,Industrial Products,47QSWA19D001R,GARNET VALLEY,PA,844-350-1550,patrick.king@homelandindustrialsupply.com,http://www.homelandindustrialsupply.com,s
HORIZON SUPPLY COMPANY,Industrial Products and Services,Hardware and Tools,47QSMS25D0007,NEW CASTLE,PA,(724)856-3994,jroe@horizon-equip.com,https://www.horizonsupplycompany.com/,s
IDEAL SUPPLIES LLC,Industrial Products and Services,Industrial Products,47QSMS25D000W,BENSALEM,PA,(215)669-5096,j.landis@idealsuppliesllc.com,http://www.idealsuppliesllc.com,s
"J&J PALLET AND RECYCLING, LLC",Industrial Products and Services,Industrial Products,47QSMS25D008N,CHAMBERSBURG,PA,717-504-8296,jjpallets@yahoo.com,http://jjpallets.com,s
JUSTMAR LLP,Industrial Products and Services,Industrial Products,GS-07F-0065V,TARENTUM,PA,8662913129,justmarn@justmar.net,http://www.justmargov.us/,s
KLENZOID INC,Industrial Products and Services,Industrial Products,47QSWA19D004L,CONSHOHOCKEN,PA,800-825-9495,Jeff_Rudolph@Klenzoidinc.com,http://www2.klenzoidinc.com/,s
MEGA SUPPLY STORE LLC,Industrial Products and Services,Industrial Products,47QSWA22D0065,BENSALEM,PA,2678254385,tanya@megasupplystore.com,http://www.megasupplypro.com,s
MOSEBACH MANUFACTURING CO,Industrial Products and Services,Industrial Products,GS-07F-0200Y,PITTSBURGH,PA,(412)221-5626,wrelliott@mosebachresistors.com,http://www.mosebachresistors.com,s
NATIONAL CHEMICAL LABORATORIES OF PA INC,Industrial Products and Services,Cleaning Supplies,47QSWA23D0037,PHILADELPHIA,PA,2159221200,jsocha@nclonline.com,https://www.nclonline.com/,s
NATIONAL ENERGY CONTROL CORPORATION,Industrial Products and Services,Industrial Products,47QSWA20D000V,HAVERTOWN,PA,717-405-3430,wpeachey@peakcapitalcompany.com,http://necc-controls.com,s
OUR REMEDY LLC,Industrial Products and Services,Industrial Products,47QSWA21D004G,ZIONSVILLE,PA,(215) 783-5478,deb@thebetterbungee.com,http://www.thebetterbungee.com,s
PACKAGING HORIZONS CORP,Industrial Products and Services,Packaging,GS-02F-044GA,EASTON,PA,6105590900,ramarkey@packaginghorizons.com,http://www.alertsecurityproducts.com,s
"PARADIGM LABS, INC.",Industrial Products and Services,Industrial Products,47QSMS26D000U,PINE GROVE,PA,5703452600,bkmaier@paradigmlabs.us,http://www.paradigmlabs.us,s
"PARADISE PILLOW, INC.",Industrial Products and Services,Industrial Products,GS-07F-0170T,PHILADELPHIA,PA,215.225.8700,Govsales@paradisepillow.com,http://www.thelinenfactory.com,s
PETROLEUM SERVICE CO,Industrial Products and Services,Industrial Products,47QSHA22D001H,WILKES BARRE,PA,570-822-1151,abrady@petroleumservicecompany.com,http://www.petroleumservicecompany.com/,s
"PRO BUY SOLUTIONS, LLC",Industrial Products and Services,Cleaning Supplies,GS-07F-0485W,AMBLER,PA,(215) 740-3399,connie.probuy@gmail.com,http://www.gsaadvantage.gov,s
RED ORANGE NORTH AMERICA INC.,Industrial Products and Services,Industrial Products,47QSMS24D005S,FORT WASHINGTON,PA,267-218-7377,matthew.oconnor@redorange.com,http://redorange.com,s
"RENTOKIL NORTH AMERICA, INC.",Industrial Products and Services,Industrial Products,GS-21F-019AA,READING,PA,609-517-3576,andy.clark@rentokil-terminix.com,https://www.rentokil.com,
ROOFING RESOURCES INC,Facilities,Structures,47QSMS24D002W,KENNETT SQUARE,PA,610-558-4000,jcordrey@teamrri.com,http://www.teamrri.com,s
SENECA MINERAL COMPANY,Industrial Products and Services,Industrial Products,GS-07F-0067Y,ERIE,PA,814-476-0076,lori@senecamineral.com,https://www.senecamineral.com/,s
SINGER EQUIPMENT CO INC,Industrial Products and Services,Industrial Products,GS-07F-0417Y,ELVERSON,PA,910-912-6736,ccoppola@singerequipment.com,https://www.singerequipment.com,
STEWART-AMOS EQUIPMENT CO,Industrial Products and Services,Industrial Products,GS-30F-021AA,HARRISBURG,PA,7176485147,fchulick@stewart-amos.com,http://www.stewartamoseqpt.com,s
"SUPPLYFORCE.COM, LLC",Industrial Products and Services,Hardware and Tools,GS-21F-0117W,KING OF PRUSSIA,PA,5616449830,psmolchek@supplyforce.com,http://www.supplyforce.com,s
THE PITTSBURGH PAINTS CO.,Industrial Products and Services,Industrial Products,GS-21F-0062U,CRANBERRY TOWNSHIP,PA,910-515-0538,goltz@pittsburghpaints.com,http://www.ppgpaints.com,
"U.S. TAPE COMPANY, LLC",Industrial Products and Services,Hardware and Tools,GS-21F-107AA,PENNSBURG,PA,703-256-1500,arotruck@govtools.com,http://www.ustape.com,
UNITED COMMERCIAL SUPPLY LLC,Industrial Products and Services,Hardware and Tools,GS-21F-0041U,SOUTH PARK,PA,412-835-2690,sales@ucs-supply.com,http://www.ucs-supply.com,s
UNITED REMEDIATION TECHNOLOGY LLC,Industrial Products and Services,Cleaning Supplies,47QSMS24D008T,ETNA,PA,412-788-2444,rbarrett@unireminc.com,https://unireminc.com/,s
UNIVERSAL STEEL BUILDINGS CORP,Facilities,Structures,GS-07F-0312V,MC KEES ROCKS,PA,724-396-8269,jill@factoryusa.com,http://www.olympiabuildings.com,s
"VEOLIA WTS USA, INC.",Industrial Products and Services,Industrial Products,GS-07F-0227Y,FEASTERVILLE TREVOS,PA,(864)617-8072,paul.howland@veolia.com,,
VWR INTERNATIONAL LLC,Industrial Products and Services,Industrial Products,GS-07F-119CA,WAYNE,PA,800-932-5000,government@vwr.com,http://www.us.vwr.com,
WATER TREATMENT SERVICES INC.,Industrial Products and Services,Industrial Products,47QSWA19D0051,MONROEVILLE,PA,800-817-5116 -709,BARBARAK@WTSERVICESLLC.COM,http://WWW.WTSFIRSTDEFENSE.com,s
"WESCO DISTRIBUTION, INC.",Industrial Products and Services,Industrial Products,GS-07F-0196U,PITTSBURGH,PA,240-632-1551,sconstantine@wescodist.com,http://buy.wesco.com,
WITMER PUBLIC SAFETY GROUP INC,Industrial Products and Services,Fire/Rescue/Safety/Environmental Protection Equipment,GS-07F-0080T,COATESVILLE,PA,484-288-6402,GovSales@thefirestore.com,http://www.thefirestore.com/page.aspx/contentid/64,s
WORLDWIDE MEDICAL PRODUCTS INC,Industrial Products and Services,Test and Measurement Supplies,GS-07F-177GA,BRISTOL,PA,866-889-9967,gsaorders@wwmponline.com,http://www.wwmponline.com/,
4TAS LLC,Industrial Products and Services,Industrial Products,47QSMS25D005Q,RICHMOND,VA,8042481010,taddison@4tasllc.com,http://www.4tasllc.com,s
A3 SYSTEMS CORPORATION,Industrial Products and Services,Machinery and Components,47QSWA18D008X,CHESTER,VA,(804) 384-9596,gsesales@a3scorp.com,https://www.a3aerotech.com,s
"AEROGREEN SOLUTIONS, LLC",Industrial Products and Services,Cleaning Supplies,47QSMS26D002X,CLEAR BROOK,VA,(540)450-8375,bob.patel@aerogreen.us,www.aerogreen.us,s
"ALEXANDRIA PEST SERVICES, INC.",Industrial Products and Services,Industrial Products,47QSMS25D002A,ALEXANDRIA,VA,703-923-0925,arleen@alexandriapestservice.com,http://www.alexandriapestservice.com,s
ALPHA CONSTRUCTION AND ENGINEERING CORPORATION,Professional Services,Technical and Engineering Services (non-IT),47QRAA23D005W,STERLING,VA,571-346-1150,ELIZABETH.BLEVINS@ALPHACORPORATION.COM,http://WWW.ALPHACORPORATION.COM,s
AQUATOMIC PRODUCTS CO INC,Industrial Products and Services,Industrial Products,GS-07F-0164Y,FAIRFAX,VA,(703)691-1111,shudson@aquatomic.com,www.aquatomc.com,s
ASPETTO INC,Industrial Products and Services,Hardware and Tools,GS-07F-146GA,FREDERICKSBURG,VA,540-547-8487,GSA@aspettoinc.com,http://www.aspetto.com,s
"ATLANTIC DIVING SUPPLY, INC.",Industrial Products and Services,Industrial Products,47QSMA19D08Q1,VIRGINIA BEACH,VA,757-416-7505,gsa@adsinc.com,http://www.adsinc.com,s
"ATLANTIC LIFT SYSTEMS, INC.",Industrial Products and Services,Hardware and Tools,47QSHA22D000N,NORFOLK,VA,(757)466-9280,allan@atlanticliftsystems.com,www.atlanticliftsystems.com,s
"BAUER COMPRESSORS, INC.",Industrial Products and Services,Industrial Products,GS-07F-195GA,NORFOLK,VA,757-857-8743,michael.cohen@bauercomp.com,http://www.bauercomp.com,
"BEAM DISTRIBUTING, INC.",Industrial Products and Services,Hardware and Tools,GS-07F-256AA,ASHLAND,VA,804-440-6489,jackie@beamdistributing.com,http://www.beam.is,s
BLUE WATER SALES LLC,Industrial Products and Services,Hardware and Tools,47QSWA19D0026,VIRGINIA BEACH,VA,757-425-1971,rc@bluewatersales.us,https://www.bluewatersales.us/,s
"BROWN CONSTRUCTION SERVICES, INC",Professional Services,Technical and Engineering Services (non-IT),GS-00F-163CA,ANNANDALE,VA,703-599-3481,heather@bcservices-inc.com,http://www.bcservices-inc.com,s
CFE EQUIPMENT CORPORATION,Industrial Products and Services,Machinery and Components,GS-07F-0382Y,NORFOLK,VA,540-520-9176,ed.mitchell@cfeequipment.com,http://www.cfeequipment.com,s
"CHEMTREAT, INC.",Industrial Products and Services,Industrial Products,GS-07F-0139Y,GLEN ALLEN,VA,804-935-2383,tracyg@chemtreat.com,http://www.chemtreat.com,
COASTLINE LTD.,Industrial Products and Services,Industrial Products,GS-07F-0225Y,ALEXANDRIA,VA,703-461-0200,david.anderson@coastlineltd.com,http://www.coastlineltd.com,s
"CONSOLIDATED CONSTRUCTION SERVICES, INC",Professional Services,Environmental Services,47QRAA22D007X,ROANOKE,VA,(540)725-3900,tam@ccsroa.com,www.ccsroa.com,s
CONSURGO GROUP INC,Industrial Products and Services,Cleaning Supplies,47QSMS25D008L,VIRGINIA BEACH,VA,757-650-5956,jake@consurgogroup.com,https://consurgogroup.com/,s
CORE ENGINEERED SOLUTIONS INC,Industrial Products and Services,Fuel Management,GS-07F-011GA,HERNDON,VA,(703)563-0325,fevans@core-es.com,http://www.core-es.com,s
"DEFENSE VENTURE HOLDINGS, LLC",Industrial Products and Services,Industrial Products,47QSWA23D002P,VIRGINIA BEACH,VA,757-499-2021,kdimichele@defenseventureholdings.com,http://www.defenseventureholdings.com,s
"ENGINUITY POWER SYSTEMS, INC.",Industrial Products and Services,Industrial Products,47QSMS26D0016,ALEXANDRIA,VA,317-292-8492,kelly@enginuitypowersystems.com,https://enginuitypowersystems.com/government-business-division/,s
"F-CONCEPTS, INC.",Industrial Products and Services,Industrial Products,GS-35F-259DA,VIENNA,VA,301-886-8380,cchong@f-concepts.com,http://www.f-concepts.com,s
"GLOBAL ENTERPRISE, INC",Industrial Products and Services,Hardware and Tools,GS-30F-040BA,APPOMATTOX,VA,703-624-1206,gsasupport@fedharmony.com,http://www.fedharmony.com,s
"GMS INDUSTRIAL SUPPLY, INC.",Facilities,Food Service Equipment,GS-07F-0369V,VIRGINIA BEACH,VA,7574731467,sales@gmsindustrialsupply.com,http://www.gmsindustrialsupply.com,s
GOVERNMENT SCIENTIFIC SOURCE INC,Industrial Products and Services,Test and Measurement Supplies,47QSMS25D00A9,RESTON,VA,703-734-1805,contracts2@govsci.com,https://www.govsci.com/,s
INTEGRATED COMPOSITE CONSTRUCTION SYSTEMS LLC,Miscellaneous,Complementary Special Item Numbers (SINs),47QSMA23D08NM,MANASSAS,VA,5402474666,info@fedpromgmt.com,http://cor-tuf.com,s
IVES CONTRACTING LLC,Industrial Products and Services,Industrial Products,47QSMS25D00CF,VIRGINIA BEACH,VA,757-266-5946,ADMIN@IVESCONTRACTING.COM,http://WWW.IVESCONTRACTING.COM,s
J & L HERMES SUPPLY LLC,Industrial Products and Services,Industrial Products,47QSWA20D008M,VIRGINIA BEACH,VA,757-622-0355,JJIRON@BIRSCH.COM,http://www.birsch.com,s
"K.R. CAMPBELL, INC.",Industrial Products and Services,Hardware and Tools,47QSHA22D0018,CHESAPEAKE,VA,757-638-3333,ACCOUNT@HOTNCOLDPS.COM,http://www.hotandcold.net/,s
"KAESER COMPRESSORS, INC.",Industrial Products and Services,Industrial Products,GS-07F-0764X,FREDERICKSBURG,VA,540-898-5500,stephanie.burkhart@kaeser.com,http://us.kaeser.com,
KATILYST COMPANY LLC,Industrial Products and Services,Hardware and Tools,47QRAA23D0009,HENRICO,VA,757-288-0102,khulse@katilystcompany.com,http://www.katilystcompany.com,s
LASAR CHEMICALS LLC,Industrial Products and Services,Industrial Products,GS-07F-008DA,VIRGINIA BEACH,VA,757-623-0331,stephanie@lasarchemicals.com,http://www.lasarchemicals.com,s
"LIVEWIRE BATTERY SUPPLY, INC",Industrial Products and Services,Industrial Products,GS-07F-0180X,NEWPORT NEWS,VA,757-570-5076,andrew.dunn@batteriesplus.com,http://www.batteriesplus.com,s
"LOGIS-TECH, LLC",Industrial Products and Services,Industrial Products,GS-10F-0084T,MANASSAS,VA,703-393-0122,jbounds@logis-tech.com,http://www.logis-tech.com,s
"M. C. DEAN, INC.",Industrial Products and Services,Industrial Products,47QSWA19D002W,TYSONS,VA,703-243-6231,MCDEAN.GSA.MAS@mcdean.com,http://www.mcdean.com,
MALPASS CONSTRUCTION CO INC,Industrial Products and Services,Industrial Products,47QSMS25D005G,CHESAPEAKE,VA,757-543-3541,Don@malpass.com,https://www.malpass.com,s
MCKESSON MEDICAL-SURGICAL GOVERNMENT SOLUTIONS LLC,Industrial Products and Services,Cleaning Supplies,47QSWA23D003Z,HENRICO,VA,(804) 653-1147,Ashley.Guerieri@McKesson.com,http://mms.mckesson.com/fss,
"MJL ENTERPRISES, LLC",Industrial Products and Services,Hardware and Tools,47QSEA19D009B,VIRGINIA BEACH,VA,7579638740,hohayon@mjl-enterprises.com,http://www.mjl-enterprises.com,s
NATIONAL INDUSTRIES FOR THE BLIND,Industrial Products and Services,Industrial Products,GS-07F-023BA,ALEXANDRIA,VA,703-310-0523,customercare@abilityone.com,http://www.nib.org,
"PARAMOUNT INDUSTRIAL COMPANIES, INC.",Furniture & Furnishings,"Household, Dormitory & Quarters Furniture",GS-27F-0014T,NORFOLK,VA,757-855-3321,rdiamonstein@paramountsleep.com,http://www.paramountsleep.com,s
"PD POWER SYSTEMS, LLC",Industrial Products and Services,Industrial Products,47QSMS25D004Z,SPRINGFIELD,VA,5715516467,jmailey@pdpowersystems.com,http://www.pdpowersystems.com,s
"RAYCO SUPPLY, INC.",Industrial Products and Services,Fire/Rescue/Safety/Environmental Protection Equipment,GS-07F-074BA,VIRGINIA BEACH,VA,(757)431-0698,rayco@raycosupply.com,http://www.raycosupply.com,s
REGULUS GLOBAL LLC,Industrial Products and Services,Cleaning Supplies,47QSWA21D007S,VIRGINIA BEACH,VA,757-235-1831,btefft@regulusglobal.com,http://regulusglobal.com,s
"SECURITY SOLUTIONS TECHNOLOGY, LLC",Industrial Products and Services,Industrial Products,GS-35F-387DA,MACHIPONGO,VA,3012735620,cfloyd@securitysolutionstechnology.com,http://www.securitysolutionstechnology.com,s
"SEVA TECHNICAL SERVICES, INC.",Industrial Products and Services,Fire/Rescue/Safety/Environmental Protection Equipment,GS-21F-089BA,NEWPORT NEWS,VA,757-930-0065,brent.welcher@sevatechnical.com,https://www.sevatechnical.com/,s
"SKDCJ, INC.",Industrial Products and Services,Industrial Products,47QSMS26D0002,NORFOLK,VA,757-855-6091,customerservice@cavalierva.com,http://www.cavalierva.com,s
STEELCLOUD LLC,Information Technology,IT Software,GS-35F-270DA,ASHBURN,VA,703-674-5531,skanaan@steelcloud.com,http://www.steelcloud.com,s
STEELGATE LLC,Information Technology,IT Services,47QTCA24D00FE,STERLING,VA,7038870867,john.curran@steelgatellc.com,HTTPS://STEELGATELLC.COM,s
"STEELMASTER BUILDING, LLC",Facilities,Structures,GS-07F-0458T,VIRGINIA BEACH,VA,7574226800,karen@steelmasterusa.com,http://www.steelmasterusa.com,s
STROHMAN ENTERPRISE INC,Industrial Products and Services,Hardware and Tools,47QSWA20D006G,MECHANICSVILLE,VA,8044773578,joe@strohman.com,http://strohmanenterprise.com,s
THE OFFICE GROUP INC,Industrial Products and Services,Industrial Products,47QSEA20D004W,POQUOSON,VA,757-868-0914,gwojo@theofficestore.com,http://WWW.THEOFFICESTORE.COM,s
"TOTEMIC BUSINESS SOLUTIONS, LLC",Industrial Products and Services,Industrial Products,GS-07F-192GA,MONTPELIER,VA,804-334-7873,tgilardi@totemicsolutions.com,http://www.totemicsolutionsllc.com,s
"TRADEMASTERS SERVICE, INC.",Industrial Products and Services,Industrial Products,47QSHA23D000Y,LORTON,VA,7036446400,ktownsend@trademasters.com,http://www.gov.trademasters.com,s
TSA CLEAN LLC,Industrial Products and Services,Cleaning Supplies,47QRAA21D003N,VIRGINIA BEACH,VA,262-385-8506,info@oncallbio.com,http://www.oncallbiosouthcarolina.com,s
UTS SYSTEMS LLC,Industrial Products and Services,Industrial Products,47QSMS25D0074,FAIRFIELD,VA,540-461-1113,renee.goodbar@uts-systems.com,http://www.uts-systems.com/,s
VICTOR FORWARD LLC,Industrial Products and Services,Cleaning Supplies,GS-07F-0120V,VIRGINIA BEACH,VA,800-958-1601,sales@victorforward.com,http://www.victorforward.com,s
"VIRGINIA ENERGY AND LIGHTING, LLC",Industrial Products and Services,Industrial Products,47QSMS25D004U,CHESTERFIELD,VA,804-768-1304,Brandon@vaenergylighting.com,http://www.vaenergylighting.com,s
